{"font_path":"Data\\SKSE\\Plugins\\imgui-skyrim\\fonts\\Atkinson-Hyperlegible-Regular-102.ttf","font_size":16.0,"glyph_chn_full":false,"glyph_chs_common":false,"glyph_cyr":false,"glyph_greek":false,"glyph_jap":false,"glyph_kor":false,"glyph_thai":false,"glyph_viet":false,"theme_colors":[[0.8999999761581421,0.8999999761581421,0.8999999761581421,0.8999999761581421],[0.6000000238418579,0.6000000238418579,0.6000000238418579,1.0],[0.10000000149011612,0.10000000149011612,0.15000000596046448,1.0],[0.0,0.0,0.0,0.0],[0.05000000074505806,0.05000000074505806,0.10000000149011612,0.8500000238418579],[0.699999988079071,0.699999988079071,0.699999988079071,0.6499999761581421],[0.0,0.0,0.0,0.0],[0.0,0.0,0.0,1.0],[0.8999999761581421,0.800000011920929,0.800000011920929,0.4000000059604645],[0.8999999761581421,0.6499999761581421,0.6499999761581421,0.44999998807907104],[0.0,0.0,0.0,0.8299999833106995],[0.0,0.0,0.0,0.8700000047683716],[0.4000000059604645,0.4000000059604645,0.800000011920929,0.20000000298023224],[0.009999999776482582,0.009999999776482582,0.019999999552965164,0.800000011920929],[0.20000000298023224,0.25,0.30000001192092896,0.6000000238418579],[0.550000011920929,0.5299999713897705,0.550000011920929,0.5099999904632568],[0.5600000023841858,0.5600000023841858,0.5600000023841858,1.0],[0.5600000023841858,0.5600000023841858,0.5600000023841858,0.9100000262260437],[0.8999999761581421,0.8999999761581421,0.8999999761581421,0.8299999833106995],[0.699999988079071,0.699999988079071,0.699999988079071,0.6200000047683716],[0.30000001192092896,0.30000001192092896,0.30000001192092896,0.8399999737739563],[0.47999998927116394,0.7200000286102295,0.8899999856948853,0.49000000953674316],[0.5,0.6899999976158142,0.9900000095367432,0.6800000071525574],[0.800000011920929,0.5,0.5,1.0],[0.30000001192092896,0.6899999976158142,1.0,0.5299999713897705],[0.4399999976158142,0.6100000143051147,0.8600000143051147,1.0],[0.3799999952316284,0.6200000047683716,0.8299999833106995,1.0],[0.5,0.5,0.5,1.0],[0.699999988079071,0.6000000238418579,0.6000000238418579,1.0],[0.8999999761581421,0.699999988079071,0.699999988079071,1.0],[1.0,1.0,1.0,0.8500000238418579],[1.0,1.0,1.0,0.6000000238418579],[1.0,1.0,1.0,0.8999999761581421],[0.0,0.46000000834465027,1.0,0.800000011920929],[0.4000000059604645,0.5199999809265137,0.6700000166893005,0.8399999737739563],[0.20000000298023224,0.4099999964237213,0.6800000071525574,1.0],[0.20000000298023224,0.4099999964237213,0.6800000071525574,1.0],[0.07000000029802322,0.10000000149011612,0.15000000596046448,0.9700000286102295],[0.12999999523162842,0.25999999046325684,0.41999998688697815,1.0],[0.12999999523162842,0.25999999046325684,0.41999998688697815,1.0],[0.699999988079071,0.6000000238418579,0.6000000238418579,0.5],[0.0,0.0,0.0,0.0],[1.0,1.0,1.0,1.0],[0.0,0.8700000047683716,1.0,1.0],[0.2199999988079071,0.25999999046325684,0.699999988079071,1.0],[0.800000011920929,0.25999999046325684,0.25999999046325684,1.0],[0.47999998927116394,0.7200000286102295,0.8899999856948853,0.49000000953674316],[0.30000001192092896,0.30000001192092896,0.3499999940395355,1.0],[0.23000000417232513,0.23000000417232513,0.25,1.0],[0.0,0.0,0.0,0.0],[1.0,1.0,1.0,0.05999999865889549],[0.3499999940395355,0.47999998927116394,0.8500000238418579,1.0],[0.0,0.0,1.0,0.3499999940395355],[0.800000011920929,0.5,0.5,1.0],[0.4399999976158142,0.6100000143051147,0.8600000143051147,1.0],[0.30000001192092896,0.30000001192092896,0.30000001192092896,0.5600000023841858],[0.20000000298023224,0.20000000298023224,0.20000000298023224,0.3499999940395355],[0.20000000298023224,0.20000000298023224,0.20000000298023224,0.3499999940395355]],"toggle_key":604}